{
    "accuracy": 0.5753803596127247,
    "macro_avg_precision": 0.5785144720372116,
    "macro_avg_recall": 0.577939958274529,
    "macro_avg_f1-score": 0.5751170069199185,
    "weighted_avg_precision": 0.5800594570351981,
    "weighted_avg_recall": 0.5753803596127247,
    "weighted_avg_f1-score": 0.5746049322394617,
    "roc_auc_score": 0.5951056942995643,
    "confusion_matrix": [
        [
            217,
            127
        ],
        [
            180,
            199
        ]
    ],
    "class_0_metrics": {
        "precision": 0.5465994962216625,
        "recall": 0.6308139534883721,
        "f1-score": 0.5856950067476383,
        "support": 344.0
    },
    "class_1_metrics": {
        "precision": 0.6104294478527608,
        "recall": 0.525065963060686,
        "f1-score": 0.5645390070921986,
        "support": 379.0
    },
    "support_class_0": 344.0,
    "support_class_1": 379.0,
    "target_column_name": "target_30d_4.9p"
}