{
    "accuracy": 0.5581717451523546,
    "macro_avg_precision": 0.5601809048323472,
    "macro_avg_recall": 0.5601211505453314,
    "macro_avg_f1-score": 0.5581641168289291,
    "weighted_avg_precision": 0.5619280002062538,
    "weighted_avg_recall": 0.5581717451523546,
    "weighted_avg_f1-score": 0.5580624058499223,
    "roc_auc_score": 0.5813417384410526,
    "confusion_matrix": [
        [
            203,
            138
        ],
        [
            181,
            200
        ]
    ],
    "class_0_metrics": {
        "precision": 0.5286458333333334,
        "recall": 0.5953079178885631,
        "f1-score": 0.56,
        "support": 341.0
    },
    "class_1_metrics": {
        "precision": 0.591715976331361,
        "recall": 0.5249343832020997,
        "f1-score": 0.5563282336578581,
        "support": 381.0
    },
    "support_class_0": 341.0,
    "support_class_1": 381.0
}