{
    "accuracy": 0.48337950138504154,
    "macro_avg_precision": 0.595606884057971,
    "macro_avg_recall": 0.5162829264530062,
    "macro_avg_f1-score": 0.37294138191978576,
    "weighted_avg_precision": 0.6044759173391144,
    "weighted_avg_recall": 0.48337950138504154,
    "weighted_avg_f1-score": 0.35398830531188713,
    "roc_auc_score": 0.29355547842184426,
    "confusion_matrix": [
        [
            326,
            9
        ],
        [
            364,
            23
        ]
    ],
    "class_0_metrics": {
        "precision": 0.47246376811594204,
        "recall": 0.9731343283582089,
        "f1-score": 0.6360975609756098,
        "support": 335.0
    },
    "class_1_metrics": {
        "precision": 0.71875,
        "recall": 0.059431524547803614,
        "f1-score": 0.10978520286396182,
        "support": 387.0
    },
    "support_class_0": 335.0,
    "support_class_1": 387.0
}