{
    "accuracy": 0.5546334716459198,
    "macro_avg_precision": 0.5519137188845218,
    "macro_avg_recall": 0.5510890086107657,
    "macro_avg_f1-score": 0.5505398016865907,
    "weighted_avg_precision": 0.5529851366390118,
    "weighted_avg_recall": 0.5546334716459198,
    "weighted_avg_f1-score": 0.5528536151418637,
    "roc_auc_score": 0.5787324830010283,
    "confusion_matrix": [
        [
            166,
            176
        ],
        [
            146,
            235
        ]
    ],
    "class_0_metrics": {
        "precision": 0.532051282051282,
        "recall": 0.4853801169590643,
        "f1-score": 0.5076452599388379,
        "support": 342.0
    },
    "class_1_metrics": {
        "precision": 0.5717761557177615,
        "recall": 0.6167979002624672,
        "f1-score": 0.5934343434343434,
        "support": 381.0
    },
    "support_class_0": 342.0,
    "support_class_1": 381.0,
    "target_column_name": "target_14d_2.9p"
}