{
    "accuracy": 0.5484764542936288,
    "macro_avg_precision": 0.6608164948453608,
    "macro_avg_recall": 0.5752015118207412,
    "macro_avg_f1-score": 0.4934314738292011,
    "weighted_avg_precision": 0.6718802867178799,
    "weighted_avg_recall": 0.5484764542936288,
    "weighted_avg_f1-score": 0.48140483944201523,
    "roc_auc_score": 0.39940221373751406,
    "confusion_matrix": [
        [
            317,
            18
        ],
        [
            308,
            79
        ]
    ],
    "class_0_metrics": {
        "precision": 0.5072,
        "recall": 0.9462686567164179,
        "f1-score": 0.6604166666666667,
        "support": 335.0
    },
    "class_1_metrics": {
        "precision": 0.8144329896907216,
        "recall": 0.2041343669250646,
        "f1-score": 0.32644628099173556,
        "support": 387.0
    },
    "support_class_0": 335.0,
    "support_class_1": 387.0
}