{
    "accuracy": 0.554016620498615,
    "macro_avg_precision": 0.5518677660356908,
    "macro_avg_recall": 0.5515659516167517,
    "macro_avg_f1-score": 0.55150780912402,
    "weighted_avg_precision": 0.553131798072705,
    "weighted_avg_recall": 0.554016620498615,
    "weighted_avg_f1-score": 0.5533661879200164,
    "roc_auc_score": 0.5840780166408818,
    "confusion_matrix": [
        [
            173,
            168
        ],
        [
            154,
            227
        ]
    ],
    "class_0_metrics": {
        "precision": 0.5290519877675841,
        "recall": 0.5073313782991202,
        "f1-score": 0.5179640718562875,
        "support": 341.0
    },
    "class_1_metrics": {
        "precision": 0.5746835443037974,
        "recall": 0.5958005249343832,
        "f1-score": 0.5850515463917526,
        "support": 381.0
    },
    "support_class_0": 341.0,
    "support_class_1": 381.0
}