{
    "accuracy": 0.5664819944598338,
    "macro_avg_precision": 0.5643562433480163,
    "macro_avg_recall": 0.5637426900584795,
    "macro_avg_f1-score": 0.5635676116206356,
    "weighted_avg_precision": 0.5653659751261296,
    "weighted_avg_recall": 0.5664819944598338,
    "weighted_avg_f1-score": 0.5654446717543565,
    "roc_auc_score": 0.5839258233302554,
    "confusion_matrix": [
        [
            175,
            167
        ],
        [
            146,
            234
        ]
    ],
    "class_0_metrics": {
        "precision": 0.5451713395638629,
        "recall": 0.5116959064327485,
        "f1-score": 0.5279034690799397,
        "support": 342.0
    },
    "class_1_metrics": {
        "precision": 0.5835411471321695,
        "recall": 0.6157894736842106,
        "f1-score": 0.5992317541613317,
        "support": 380.0
    },
    "support_class_0": 342.0,
    "support_class_1": 380.0
}