{
    "accuracy": 0.6398891966759003,
    "macro_avg_precision": 0.640930175311738,
    "macro_avg_recall": 0.6406877538953011,
    "macro_avg_f1-score": 0.6398449790875254,
    "weighted_avg_precision": 0.6415084967760922,
    "weighted_avg_recall": 0.6398891966759003,
    "weighted_avg_f1-score": 0.6397344351165882,
    "roc_auc_score": 0.6299636771334884,
    "confusion_matrix": [
        [
            235,
            116
        ],
        [
            144,
            227
        ]
    ],
    "class_0_metrics": {
        "precision": 0.6200527704485488,
        "recall": 0.6695156695156695,
        "f1-score": 0.6438356164383562,
        "support": 351.0
    },
    "class_1_metrics": {
        "precision": 0.6618075801749271,
        "recall": 0.6118598382749326,
        "f1-score": 0.6358543417366946,
        "support": 371.0
    },
    "support_class_0": 351.0,
    "support_class_1": 371.0
}