{
    "accuracy": 0.5401662049861495,
    "macro_avg_precision": 0.6529675638371291,
    "macro_avg_recall": 0.5684147169578369,
    "macro_avg_f1-score": 0.48196749654218535,
    "weighted_avg_precision": 0.6642896333128779,
    "weighted_avg_recall": 0.5401662049861495,
    "weighted_avg_f1-score": 0.4689810078811355,
    "roc_auc_score": 0.3904909253657633,
    "confusion_matrix": [
        [
            316,
            18
        ],
        [
            314,
            74
        ]
    ],
    "class_0_metrics": {
        "precision": 0.5015873015873016,
        "recall": 0.9461077844311377,
        "f1-score": 0.6556016597510373,
        "support": 334.0
    },
    "class_1_metrics": {
        "precision": 0.8043478260869565,
        "recall": 0.19072164948453607,
        "f1-score": 0.30833333333333335,
        "support": 388.0
    },
    "support_class_0": 334.0,
    "support_class_1": 388.0,
    "target_column_name": "target_120d_12.4p"
}