{
    "accuracy": 0.6348547717842323,
    "macro_avg_precision": 0.636033982594281,
    "macro_avg_recall": 0.635752688172043,
    "macro_avg_f1-score": 0.6347981815677091,
    "weighted_avg_precision": 0.6366689422612303,
    "weighted_avg_recall": 0.6348547717842323,
    "weighted_avg_f1-score": 0.6346661377291547,
    "roc_auc_score": 0.6478571209754006,
    "confusion_matrix": [
        [
            234,
            117
        ],
        [
            147,
            225
        ]
    ],
    "class_0_metrics": {
        "precision": 0.6141732283464567,
        "recall": 0.6666666666666666,
        "f1-score": 0.639344262295082,
        "support": 351.0
    },
    "class_1_metrics": {
        "precision": 0.6578947368421053,
        "recall": 0.6048387096774194,
        "f1-score": 0.6302521008403361,
        "support": 372.0
    },
    "support_class_0": 351.0,
    "support_class_1": 372.0,
    "target_column_name": "target_60d_7.6p"
}