{
    "accuracy": 0.5734072022160664,
    "macro_avg_precision": 0.5759067858940116,
    "macro_avg_recall": 0.5753467819404419,
    "macro_avg_f1-score": 0.5730796108154599,
    "weighted_avg_precision": 0.5769360262319889,
    "weighted_avg_recall": 0.5734072022160664,
    "weighted_avg_f1-score": 0.5726209828546106,
    "roc_auc_score": 0.5958655139289145,
    "confusion_matrix": [
        [
            217,
            130
        ],
        [
            178,
            197
        ]
    ],
    "class_0_metrics": {
        "precision": 0.549367088607595,
        "recall": 0.6253602305475504,
        "f1-score": 0.5849056603773585,
        "support": 347.0
    },
    "class_1_metrics": {
        "precision": 0.6024464831804281,
        "recall": 0.5253333333333333,
        "f1-score": 0.5612535612535613,
        "support": 375.0
    },
    "support_class_0": 347.0,
    "support_class_1": 375.0
}