{
    "accuracy": 0.5664819944598338,
    "macro_avg_precision": 0.5767621064034072,
    "macro_avg_recall": 0.5719007502152257,
    "macro_avg_f1-score": 0.5614945037886505,
    "weighted_avg_precision": 0.5784382116115985,
    "weighted_avg_recall": 0.5664819944598338,
    "weighted_avg_f1-score": 0.5595513256050727,
    "roc_auc_score": 0.5949952342885254,
    "confusion_matrix": [
        [
            243,
            103
        ],
        [
            210,
            166
        ]
    ],
    "class_0_metrics": {
        "precision": 0.5364238410596026,
        "recall": 0.7023121387283237,
        "f1-score": 0.6082603254067585,
        "support": 346.0
    },
    "class_1_metrics": {
        "precision": 0.6171003717472119,
        "recall": 0.44148936170212766,
        "f1-score": 0.5147286821705427,
        "support": 376.0
    },
    "support_class_0": 346.0,
    "support_class_1": 376.0
}