{
    "accuracy": 0.47645429362880887,
    "macro_avg_precision": 0.5678657074340527,
    "macro_avg_recall": 0.5098229781325928,
    "macro_avg_f1-score": 0.35998311523849724,
    "weighted_avg_precision": 0.5749815659937424,
    "weighted_avg_recall": 0.47645429362880887,
    "weighted_avg_f1-score": 0.3403191500557174,
    "roc_auc_score": 0.29354005167958663,
    "confusion_matrix": [
        [
            326,
            9
        ],
        [
            369,
            18
        ]
    ],
    "class_0_metrics": {
        "precision": 0.46906474820143884,
        "recall": 0.9731343283582089,
        "f1-score": 0.6330097087378641,
        "support": 335.0
    },
    "class_1_metrics": {
        "precision": 0.6666666666666666,
        "recall": 0.046511627906976744,
        "f1-score": 0.08695652173913043,
        "support": 387.0
    },
    "support_class_0": 335.0,
    "support_class_1": 387.0
}