{
    "accuracy": 0.5734072022160664,
    "macro_avg_precision": 0.5823035850495806,
    "macro_avg_recall": 0.5788518196573768,
    "macro_avg_f1-score": 0.5706363917207291,
    "weighted_avg_precision": 0.584410623089097,
    "weighted_avg_recall": 0.5734072022160664,
    "weighted_avg_f1-score": 0.56891657830983,
    "roc_auc_score": 0.6122987453556621,
    "confusion_matrix": [
        [
            236,
            107
        ],
        [
            201,
            178
        ]
    ],
    "class_0_metrics": {
        "precision": 0.540045766590389,
        "recall": 0.6880466472303207,
        "f1-score": 0.6051282051282051,
        "support": 343.0
    },
    "class_1_metrics": {
        "precision": 0.624561403508772,
        "recall": 0.46965699208443273,
        "f1-score": 0.536144578313253,
        "support": 379.0
    },
    "support_class_0": 343.0,
    "support_class_1": 379.0,
    "target_column_name": "target_30d_4.9p"
}