{
    "accuracy": 0.6343490304709142,
    "macro_avg_precision": 0.6353666789713301,
    "macro_avg_recall": 0.6351920122887864,
    "macro_avg_f1-score": 0.6343237767818772,
    "weighted_avg_precision": 0.6360251574127758,
    "weighted_avg_recall": 0.6343490304709142,
    "weighted_avg_f1-score": 0.6342311799220758,
    "roc_auc_score": 0.6050960061443933,
    "confusion_matrix": [
        [
            232,
            118
        ],
        [
            146,
            226
        ]
    ],
    "class_0_metrics": {
        "precision": 0.6137566137566137,
        "recall": 0.6628571428571428,
        "f1-score": 0.6373626373626373,
        "support": 350.0
    },
    "class_1_metrics": {
        "precision": 0.6569767441860465,
        "recall": 0.6075268817204301,
        "f1-score": 0.6312849162011173,
        "support": 372.0
    },
    "support_class_0": 350.0,
    "support_class_1": 372.0,
    "target_column_name": "target_60d_7.6p"
}