{
    "accuracy": 0.554016620498615,
    "macro_avg_precision": 0.5527666023062071,
    "macro_avg_recall": 0.552797469231302,
    "macro_avg_f1-score": 0.5527777777777778,
    "weighted_avg_precision": 0.5541555114088825,
    "weighted_avg_recall": 0.554016620498615,
    "weighted_avg_f1-score": 0.5540818227470801,
    "roc_auc_score": 0.5866295671985283,
    "confusion_matrix": [
        [
            181,
            160
        ],
        [
            162,
            219
        ]
    ],
    "class_0_metrics": {
        "precision": 0.5276967930029155,
        "recall": 0.530791788856305,
        "f1-score": 0.5292397660818714,
        "support": 341.0
    },
    "class_1_metrics": {
        "precision": 0.5778364116094987,
        "recall": 0.5748031496062992,
        "f1-score": 0.5763157894736842,
        "support": 381.0
    },
    "support_class_0": 341.0,
    "support_class_1": 381.0,
    "target_column_name": "target_14d_2.9p"
}