{
    "accuracy": 0.6357340720221607,
    "macro_avg_precision": 0.6360248685573935,
    "macro_avg_recall": 0.6361136712749615,
    "macro_avg_f1-score": 0.6357166015358967,
    "weighted_avg_precision": 0.6365579955386534,
    "weighted_avg_recall": 0.6357340720221607,
    "weighted_avg_f1-score": 0.635793471675458,
    "roc_auc_score": 0.6391052227342551,
    "confusion_matrix": [
        [
            227,
            123
        ],
        [
            140,
            232
        ]
    ],
    "class_0_metrics": {
        "precision": 0.6185286103542235,
        "recall": 0.6485714285714286,
        "f1-score": 0.6331938633193863,
        "support": 350.0
    },
    "class_1_metrics": {
        "precision": 0.6535211267605634,
        "recall": 0.6236559139784946,
        "f1-score": 0.6382393397524071,
        "support": 372.0
    },
    "support_class_0": 350.0,
    "support_class_1": 372.0
}