{
    "accuracy": 0.6142969363707776,
    "macro_avg_precision": 0.5248459245197257,
    "macro_avg_recall": 0.5098662207357859,
    "macro_avg_f1-score": 0.4640588277157701,
    "weighted_avg_precision": 0.5546629284700764,
    "weighted_avg_recall": 0.6142969363707776,
    "weighted_avg_f1-score": 0.5391778820432738,
    "roc_auc_score": 0.518755640494771,
    "confusion_matrix": [
        [
            728,
            77
        ],
        [
            414,
            54
        ]
    ],
    "class_0_metrics": {
        "precision": 0.637478108581436,
        "recall": 0.9043478260869565,
        "f1-score": 0.7478171545968156,
        "support": 805.0
    },
    "class_1_metrics": {
        "precision": 0.4122137404580153,
        "recall": 0.11538461538461539,
        "f1-score": 0.18030050083472454,
        "support": 468.0
    },
    "support_class_0": 805.0,
    "support_class_1": 468.0,
    "target_column_name": "target_14d_4.0p"
}