{
    "accuracy": 0.5954438334642577,
    "macro_avg_precision": 0.29772191673212883,
    "macro_avg_recall": 0.5,
    "macro_avg_f1-score": 0.37321516494337764,
    "weighted_avg_precision": 0.3545533588106106,
    "weighted_avg_recall": 0.5954438334642577,
    "weighted_avg_f1-score": 0.44445733704176,
    "roc_auc_score": 0.4516676486410328,
    "confusion_matrix": [
        [
            758,
            0
        ],
        [
            515,
            0
        ]
    ],
    "class_0_metrics": {
        "precision": 0.5954438334642577,
        "recall": 1.0,
        "f1-score": 0.7464303298867553,
        "support": 758.0
    },
    "class_1_metrics": {
        "precision": 0.0,
        "recall": 0.0,
        "f1-score": 0.0,
        "support": 515.0
    },
    "support_class_0": 758.0,
    "support_class_1": 515.0
}