{
    "accuracy": 0.6190102120974077,
    "macro_avg_precision": 0.30950510604870385,
    "macro_avg_recall": 0.5,
    "macro_avg_f1-score": 0.3823386705482775,
    "weighted_avg_precision": 0.38317364268087767,
    "weighted_avg_recall": 0.6190102120974077,
    "weighted_avg_f1-score": 0.47334308309826034,
    "roc_auc_score": 0.5223454916531477,
    "confusion_matrix": [
        [
            788,
            0
        ],
        [
            485,
            0
        ]
    ],
    "class_0_metrics": {
        "precision": 0.6190102120974077,
        "recall": 1.0,
        "f1-score": 0.764677341096555,
        "support": 788.0
    },
    "class_1_metrics": {
        "precision": 0.0,
        "recall": 0.0,
        "f1-score": 0.0,
        "support": 485.0
    },
    "support_class_0": 788.0,
    "support_class_1": 485.0
}