{
    "accuracy": 0.6307934014139828,
    "macro_avg_precision": 0.5079682032557431,
    "macro_avg_recall": 0.5005575960821889,
    "macro_avg_f1-score": 0.4023832354468816,
    "weighted_avg_precision": 0.5421916337742453,
    "weighted_avg_recall": 0.6307934014139828,
    "weighted_avg_f1-score": 0.5019317575901036,
    "roc_auc_score": 0.3912554561907803,
    "confusion_matrix": [
        [
            795,
            13
        ],
        [
            457,
            8
        ]
    ],
    "class_0_metrics": {
        "precision": 0.6349840255591054,
        "recall": 0.9839108910891089,
        "f1-score": 0.7718446601941747,
        "support": 808.0
    },
    "class_1_metrics": {
        "precision": 0.38095238095238093,
        "recall": 0.017204301075268817,
        "f1-score": 0.03292181069958848,
        "support": 465.0
    },
    "support_class_0": 808.0,
    "support_class_1": 465.0
}