{
    "accuracy": 0.6394344069128044,
    "macro_avg_precision": 0.8182897862232779,
    "macro_avg_recall": 0.5106609808102346,
    "macro_avg_f1-score": 0.4098463477673309,
    "weighted_avg_precision": 0.7704713089136142,
    "weighted_avg_recall": 0.6394344069128044,
    "weighted_avg_f1-score": 0.5067128462732927,
    "roc_auc_score": 0.55774034942558,
    "confusion_matrix": [
        [
            804,
            0
        ],
        [
            459,
            10
        ]
    ],
    "class_0_metrics": {
        "precision": 0.6365795724465558,
        "recall": 1.0,
        "f1-score": 0.7779390420899854,
        "support": 804.0
    },
    "class_1_metrics": {
        "precision": 1.0,
        "recall": 0.021321961620469083,
        "f1-score": 0.04175365344467641,
        "support": 469.0
    },
    "support_class_0": 804.0,
    "support_class_1": 469.0
}