{
    "accuracy": 0.6103692065985861,
    "macro_avg_precision": 0.8027048528241846,
    "macro_avg_recall": 0.515625,
    "macro_avg_f1-score": 0.407409075892723,
    "weighted_avg_precision": 0.7641137360553094,
    "weighted_avg_recall": 0.6103692065985861,
    "weighted_avg_f1-score": 0.4752440725984409,
    "roc_auc_score": 0.5185431381406045,
    "confusion_matrix": [
        [
            761,
            0
        ],
        [
            496,
            16
        ]
    ],
    "class_0_metrics": {
        "precision": 0.6054097056483692,
        "recall": 1.0,
        "f1-score": 0.7542120911793855,
        "support": 761.0
    },
    "class_1_metrics": {
        "precision": 1.0,
        "recall": 0.03125,
        "f1-score": 0.06060606060606061,
        "support": 512.0
    },
    "support_class_0": 761.0,
    "support_class_1": 512.0
}