{
    "accuracy": 0.612725844461901,
    "macro_avg_precision": 0.3063629222309505,
    "macro_avg_recall": 0.5,
    "macro_avg_f1-score": 0.37993180711154406,
    "weighted_avg_precision": 0.3754329604715497,
    "weighted_avg_recall": 0.612725844461901,
    "weighted_avg_f1-score": 0.46558807470071384,
    "roc_auc_score": 0.5068224371976907,
    "confusion_matrix": [
        [
            780,
            0
        ],
        [
            493,
            0
        ]
    ],
    "class_0_metrics": {
        "precision": 0.612725844461901,
        "recall": 1.0,
        "f1-score": 0.7598636142230881,
        "support": 780.0
    },
    "class_1_metrics": {
        "precision": 0.0,
        "recall": 0.0,
        "f1-score": 0.0,
        "support": 493.0
    },
    "support_class_0": 780.0,
    "support_class_1": 493.0
}