{
    "accuracy": 0.5758051846032993,
    "macro_avg_precision": 0.565145955642531,
    "macro_avg_recall": 0.5200831024930748,
    "macro_avg_f1-score": 0.44555749128919864,
    "weighted_avg_precision": 0.5668606575731908,
    "weighted_avg_recall": 0.5758051846032993,
    "weighted_avg_f1-score": 0.4816553122887306,
    "roc_auc_score": 0.5279886481893913,
    "confusion_matrix": [
        [
            675,
            47
        ],
        [
            493,
            58
        ]
    ],
    "class_0_metrics": {
        "precision": 0.5779109589041096,
        "recall": 0.9349030470914127,
        "f1-score": 0.7142857142857143,
        "support": 722.0
    },
    "class_1_metrics": {
        "precision": 0.5523809523809524,
        "recall": 0.10526315789473684,
        "f1-score": 0.17682926829268292,
        "support": 551.0
    },
    "support_class_0": 722.0,
    "support_class_1": 551.0,
    "target_column_name": "target_60d_9.4p"
}