{
    "accuracy": 0.5836606441476826,
    "macro_avg_precision": 0.7890127388535032,
    "macro_avg_recall": 0.5155393053016454,
    "macro_avg_f1-score": 0.39643851400190366,
    "weighted_avg_precision": 0.7593452449452369,
    "weighted_avg_recall": 0.5836606441476826,
    "weighted_avg_f1-score": 0.44370616039978017,
    "roc_auc_score": 0.5042128111764144,
    "confusion_matrix": [
        [
            726,
            0
        ],
        [
            530,
            17
        ]
    ],
    "class_0_metrics": {
        "precision": 0.5780254777070064,
        "recall": 1.0,
        "f1-score": 0.7325933400605449,
        "support": 726.0
    },
    "class_1_metrics": {
        "precision": 1.0,
        "recall": 0.031078610603290677,
        "f1-score": 0.06028368794326241,
        "support": 547.0
    },
    "support_class_0": 726.0,
    "support_class_1": 547.0
}