{
    "accuracy": 0.6252945797329144,
    "macro_avg_precision": 0.3126472898664572,
    "macro_avg_recall": 0.5,
    "macro_avg_f1-score": 0.3847269212179797,
    "weighted_avg_precision": 0.390993311443362,
    "weighted_avg_recall": 0.6252945797329144,
    "weighted_avg_f1-score": 0.4811353170298694,
    "roc_auc_score": 0.5178802819127082,
    "confusion_matrix": [
        [
            796,
            0
        ],
        [
            477,
            0
        ]
    ],
    "class_0_metrics": {
        "precision": 0.6252945797329144,
        "recall": 1.0,
        "f1-score": 0.7694538424359594,
        "support": 796.0
    },
    "class_1_metrics": {
        "precision": 0.0,
        "recall": 0.0,
        "f1-score": 0.0,
        "support": 477.0
    },
    "support_class_0": 796.0,
    "support_class_1": 477.0,
    "target_column_name": "target_120d_13.8p"
}