{
    "accuracy": 0.6103692065985861,
    "macro_avg_precision": 0.6747403646434341,
    "macro_avg_recall": 0.5194200779727096,
    "macro_avg_f1-score": 0.42332113135032845,
    "weighted_avg_precision": 0.6615236763333115,
    "weighted_avg_recall": 0.6103692065985861,
    "weighted_avg_f1-score": 0.487046475607321,
    "roc_auc_score": 0.5011926746691289,
    "confusion_matrix": [
        [
            751,
            9
        ],
        [
            487,
            26
        ]
    ],
    "class_0_metrics": {
        "precision": 0.6066235864297254,
        "recall": 0.9881578947368421,
        "f1-score": 0.7517517517517518,
        "support": 760.0
    },
    "class_1_metrics": {
        "precision": 0.7428571428571429,
        "recall": 0.050682261208576995,
        "f1-score": 0.0948905109489051,
        "support": 513.0
    },
    "support_class_0": 760.0,
    "support_class_1": 513.0,
    "target_column_name": "target_30d_6.1p"
}