{
    "accuracy": 0.5137470542026709,
    "macro_avg_precision": 0.4990517964102098,
    "macro_avg_recall": 0.4990362701215506,
    "macro_avg_f1-score": 0.4987771359729386,
    "weighted_avg_precision": 0.5182094885061408,
    "weighted_avg_recall": 0.5137470542026709,
    "weighted_avg_f1-score": 0.515720361605681,
    "roc_auc_score": 0.5443726387976346,
    "confusion_matrix": [
        [
            437,
            324
        ],
        [
            295,
            217
        ]
    ],
    "class_0_metrics": {
        "precision": 0.5969945355191257,
        "recall": 0.5742444152431012,
        "f1-score": 0.5853985264567984,
        "support": 761.0
    },
    "class_1_metrics": {
        "precision": 0.4011090573012939,
        "recall": 0.423828125,
        "f1-score": 0.4121557454890788,
        "support": 512.0
    },
    "support_class_0": 761.0,
    "support_class_1": 512.0
}