{
    "accuracy": 0.629222309505106,
    "macro_avg_precision": 0.5427087501667334,
    "macro_avg_recall": 0.5068052242017842,
    "macro_avg_f1-score": 0.4263795012792607,
    "weighted_avg_precision": 0.567668832392868,
    "weighted_avg_recall": 0.629222309505106,
    "weighted_avg_f1-score": 0.5172166373275587,
    "roc_auc_score": 0.4748819081726452,
    "confusion_matrix": [
        [
            779,
            27
        ],
        [
            445,
            22
        ]
    ],
    "class_0_metrics": {
        "precision": 0.636437908496732,
        "recall": 0.966501240694789,
        "f1-score": 0.767487684729064,
        "support": 806.0
    },
    "class_1_metrics": {
        "precision": 0.4489795918367347,
        "recall": 0.047109207708779445,
        "f1-score": 0.08527131782945736,
        "support": 467.0
    },
    "support_class_0": 806.0,
    "support_class_1": 467.0,
    "target_column_name": "target_14d_4.0p"
}