{
    "accuracy": 0.6072270227808326,
    "macro_avg_precision": 0.3036135113904163,
    "macro_avg_recall": 0.5,
    "macro_avg_f1-score": 0.3778103616813294,
    "weighted_avg_precision": 0.36872465719527386,
    "weighted_avg_recall": 0.6072270227808326,
    "weighted_avg_f1-score": 0.4588333221990065,
    "roc_auc_score": 0.5,
    "confusion_matrix": [
        [
            773,
            0
        ],
        [
            500,
            0
        ]
    ],
    "class_0_metrics": {
        "precision": 0.6072270227808326,
        "recall": 1.0,
        "f1-score": 0.7556207233626588,
        "support": 773.0
    },
    "class_1_metrics": {
        "precision": 0.0,
        "recall": 0.0,
        "f1-score": 0.0,
        "support": 500.0
    },
    "support_class_0": 773.0,
    "support_class_1": 500.0,
    "target_column_name": "target_120d_14.0p"
}