{
    "accuracy": 0.5287878787878788,
    "macro_avg_precision": 0.5192683004461092,
    "macro_avg_recall": 0.5117705570291777,
    "macro_avg_f1-score": 0.46723707278301674,
    "weighted_avg_precision": 0.5200987644694623,
    "weighted_avg_recall": 0.5287878787878788,
    "weighted_avg_f1-score": 0.47711446810029035,
    "roc_auc_score": 0.5497444698234928,
    "confusion_matrix": [
        [
            860,
            184
        ],
        [
            749,
            187
        ]
    ],
    "class_0_metrics": {
        "precision": 0.5344934742075823,
        "recall": 0.8237547892720306,
        "f1-score": 0.6483226535996984,
        "support": 1044.0
    },
    "class_1_metrics": {
        "precision": 0.5040431266846361,
        "recall": 0.1997863247863248,
        "f1-score": 0.2861514919663351,
        "support": 936.0
    },
    "support_class_0": 1044.0,
    "support_class_1": 936.0
}