{
    "accuracy": 0.5866599292572006,
    "macro_avg_precision": 0.5869710899989784,
    "macro_avg_recall": 0.5870911973812081,
    "macro_avg_f1-score": 0.5865939564065319,
    "weighted_avg_precision": 0.5878187347783043,
    "weighted_avg_recall": 0.5866599292572006,
    "weighted_avg_f1-score": 0.5868024306146451,
    "roc_auc_score": 0.6125078001125263,
    "confusion_matrix": [
        [
            593,
            436
        ],
        [
            382,
            568
        ]
    ],
    "class_0_metrics": {
        "precision": 0.6082051282051282,
        "recall": 0.576287657920311,
        "f1-score": 0.591816367265469,
        "support": 1029.0
    },
    "class_1_metrics": {
        "precision": 0.5657370517928287,
        "recall": 0.5978947368421053,
        "f1-score": 0.5813715455475946,
        "support": 950.0
    },
    "support_class_0": 1029.0,
    "support_class_1": 950.0
}