{
    "accuracy": 0.4858585858585859,
    "macro_avg_precision": 0.48912396694214877,
    "macro_avg_recall": 0.49076290870108985,
    "macro_avg_f1-score": 0.4682811016144349,
    "weighted_avg_precision": 0.48933600467484767,
    "weighted_avg_recall": 0.4858585858585859,
    "weighted_avg_f1-score": 0.46583978435830287,
    "roc_auc_score": 0.4994920748360091,
    "confusion_matrix": [
        [
            661,
            304
        ],
        [
            714,
            301
        ]
    ],
    "class_0_metrics": {
        "precision": 0.4807272727272727,
        "recall": 0.6849740932642487,
        "f1-score": 0.564957264957265,
        "support": 965.0
    },
    "class_1_metrics": {
        "precision": 0.4975206611570248,
        "recall": 0.296551724137931,
        "f1-score": 0.37160493827160496,
        "support": 1015.0
    },
    "support_class_0": 965.0,
    "support_class_1": 1015.0,
    "target_column_name": "target_60d_11.9p"
}