{
    "accuracy": 0.5409090909090909,
    "macro_avg_precision": 0.5392053177920813,
    "macro_avg_recall": 0.5393172334847309,
    "macro_avg_f1-score": 0.5391881577946822,
    "weighted_avg_precision": 0.5417088211476873,
    "weighted_avg_recall": 0.5409090909090909,
    "weighted_avg_f1-score": 0.5412362104267058,
    "roc_auc_score": 0.5718472155549812,
    "confusion_matrix": [
        [
            596,
            466
        ],
        [
            443,
            475
        ]
    ],
    "class_0_metrics": {
        "precision": 0.5736284889316651,
        "recall": 0.5612052730696798,
        "f1-score": 0.5673488814850072,
        "support": 1062.0
    },
    "class_1_metrics": {
        "precision": 0.5047821466524973,
        "recall": 0.5174291938997821,
        "f1-score": 0.5110274341043571,
        "support": 918.0
    },
    "support_class_0": 1062.0,
    "support_class_1": 918.0
}