{
    "accuracy": 0.5954545454545455,
    "macro_avg_precision": 0.5952857142857143,
    "macro_avg_recall": 0.5953952241093091,
    "macro_avg_f1-score": 0.5952454780361758,
    "weighted_avg_precision": 0.5958766233766234,
    "weighted_avg_recall": 0.5954545454545455,
    "weighted_avg_f1-score": 0.5955706940203065,
    "roc_auc_score": 0.6117604392797855,
    "confusion_matrix": [
        [
            612,
            413
        ],
        [
            388,
            567
        ]
    ],
    "class_0_metrics": {
        "precision": 0.612,
        "recall": 0.5970731707317073,
        "f1-score": 0.6044444444444445,
        "support": 1025.0
    },
    "class_1_metrics": {
        "precision": 0.5785714285714286,
        "recall": 0.5937172774869109,
        "f1-score": 0.586046511627907,
        "support": 955.0
    },
    "support_class_0": 1025.0,
    "support_class_1": 955.0,
    "target_column_name": "target_120d_19.8p"
}