{
    "accuracy": 0.49747474747474746,
    "macro_avg_precision": 0.46355301458925247,
    "macro_avg_recall": 0.4807536541364456,
    "macro_avg_f1-score": 0.4186710432318597,
    "weighted_avg_precision": 0.46594397373536667,
    "weighted_avg_recall": 0.49747474747474746,
    "weighted_avg_f1-score": 0.42904848576590254,
    "roc_auc_score": 0.5222229381179714,
    "confusion_matrix": [
        [
            857,
            181
        ],
        [
            814,
            128
        ]
    ],
    "class_0_metrics": {
        "precision": 0.5128665469778576,
        "recall": 0.825626204238921,
        "f1-score": 0.6327057954964932,
        "support": 1038.0
    },
    "class_1_metrics": {
        "precision": 0.41423948220064727,
        "recall": 0.13588110403397027,
        "f1-score": 0.20463629096722621,
        "support": 942.0
    },
    "support_class_0": 1038.0,
    "support_class_1": 942.0,
    "target_column_name": "target_30d_7.5p"
}