{
    "accuracy": 0.4888888888888889,
    "macro_avg_precision": 0.4917685950413223,
    "macro_avg_recall": 0.49301032297973074,
    "macro_avg_f1-score": 0.4710108809515764,
    "weighted_avg_precision": 0.49192566992236414,
    "weighted_avg_recall": 0.4888888888888889,
    "weighted_avg_f1-score": 0.46894803388188644,
    "roc_auc_score": 0.5021007309686331,
    "confusion_matrix": [
        [
            666,
            303
        ],
        [
            709,
            302
        ]
    ],
    "class_0_metrics": {
        "precision": 0.4843636363636364,
        "recall": 0.6873065015479877,
        "f1-score": 0.568259385665529,
        "support": 969.0
    },
    "class_1_metrics": {
        "precision": 0.4991735537190083,
        "recall": 0.2987141444114738,
        "f1-score": 0.37376237623762376,
        "support": 1011.0
    },
    "support_class_0": 969.0,
    "support_class_1": 1011.0
}