{
    "accuracy": 0.5042950985346134,
    "macro_avg_precision": 0.5068177600890692,
    "macro_avg_recall": 0.5065324815459695,
    "macro_avg_f1-score": 0.5000668243153984,
    "weighted_avg_precision": 0.5070842820714809,
    "weighted_avg_recall": 0.5042950985346134,
    "weighted_avg_f1-score": 0.4990678364504191,
    "roc_auc_score": 0.52393097416027,
    "confusion_matrix": [
        [
            590,
            378
        ],
        [
            603,
            408
        ]
    ],
    "class_0_metrics": {
        "precision": 0.4945515507124895,
        "recall": 0.609504132231405,
        "f1-score": 0.5460434983803795,
        "support": 968.0
    },
    "class_1_metrics": {
        "precision": 0.5190839694656488,
        "recall": 0.4035608308605341,
        "f1-score": 0.4540901502504174,
        "support": 1011.0
    },
    "support_class_0": 968.0,
    "support_class_1": 1011.0
}