{
    "accuracy": 0.552020202020202,
    "macro_avg_precision": 0.5546794499143375,
    "macro_avg_recall": 0.5546717704997355,
    "macro_avg_f1-score": 0.5520200877512722,
    "weighted_avg_precision": 0.5573001579839202,
    "weighted_avg_recall": 0.552020202020202,
    "weighted_avg_f1-score": 0.5520045471768243,
    "roc_auc_score": 0.5612685499181937,
    "confusion_matrix": [
        [
            546,
            512
        ],
        [
            375,
            547
        ]
    ],
    "class_0_metrics": {
        "precision": 0.5928338762214984,
        "recall": 0.5160680529300568,
        "f1-score": 0.5517938352703385,
        "support": 1058.0
    },
    "class_1_metrics": {
        "precision": 0.5165250236071766,
        "recall": 0.5932754880694143,
        "f1-score": 0.552246340232206,
        "support": 922.0
    },
    "support_class_0": 1058.0,
    "support_class_1": 922.0,
    "target_column_name": "target_14d_4.7p"
}