{
    "accuracy": 0.5934343434343434,
    "macro_avg_precision": 0.5936501230667499,
    "macro_avg_recall": 0.5937405197694408,
    "macro_avg_f1-score": 0.593388604319586,
    "weighted_avg_precision": 0.5942435170558679,
    "weighted_avg_recall": 0.5934343434343434,
    "weighted_avg_f1-score": 0.5935323558231095,
    "roc_auc_score": 0.6135385608537596,
    "confusion_matrix": [
        [
            598,
            425
        ],
        [
            380,
            577
        ]
    ],
    "class_0_metrics": {
        "precision": 0.6114519427402862,
        "recall": 0.5845552297165201,
        "f1-score": 0.5977011494252874,
        "support": 1023.0
    },
    "class_1_metrics": {
        "precision": 0.5758483033932136,
        "recall": 0.6029258098223615,
        "f1-score": 0.5890760592138846,
        "support": 957.0
    },
    "support_class_0": 1023.0,
    "support_class_1": 957.0,
    "target_column_name": "target_120d_19.8p"
}