{
    "accuracy": 0.5285497726124305,
    "macro_avg_precision": 0.5191235533920693,
    "macro_avg_recall": 0.5116860674746581,
    "macro_avg_f1-score": 0.46710441441017625,
    "weighted_avg_precision": 0.5199389175445177,
    "weighted_avg_recall": 0.5285497726124305,
    "weighted_avg_f1-score": 0.4768881247191661,
    "roc_auc_score": 0.549681535839254,
    "confusion_matrix": [
        [
            859,
            184
        ],
        [
            749,
            187
        ]
    ],
    "class_0_metrics": {
        "precision": 0.5342039800995025,
        "recall": 0.8235858101629914,
        "f1-score": 0.6480573368540173,
        "support": 1043.0
    },
    "class_1_metrics": {
        "precision": 0.5040431266846361,
        "recall": 0.1997863247863248,
        "f1-score": 0.2861514919663351,
        "support": 936.0
    },
    "support_class_0": 1043.0,
    "support_class_1": 936.0
}