{
    "accuracy": 0.4863636363636364,
    "macro_avg_precision": 0.4894876033057851,
    "macro_avg_recall": 0.4910721942494518,
    "macro_avg_f1-score": 0.46870236741767124,
    "weighted_avg_precision": 0.48968234410217887,
    "weighted_avg_recall": 0.4863636363636364,
    "weighted_avg_f1-score": 0.46635405464923263,
    "roc_auc_score": 0.49953140504979965,
    "confusion_matrix": [
        [
            662,
            304
        ],
        [
            713,
            301
        ]
    ],
    "class_0_metrics": {
        "precision": 0.48145454545454547,
        "recall": 0.6853002070393375,
        "f1-score": 0.5655702691157625,
        "support": 966.0
    },
    "class_1_metrics": {
        "precision": 0.4975206611570248,
        "recall": 0.2968441814595661,
        "f1-score": 0.37183446571958,
        "support": 1014.0
    },
    "support_class_0": 966.0,
    "support_class_1": 1014.0,
    "target_column_name": "target_60d_11.9p"
}