{
    "accuracy": 0.3029411764705882,
    "macro_avg_precision": 0.1514705882352941,
    "macro_avg_recall": 0.5,
    "macro_avg_f1-score": 0.2325056433408578,
    "weighted_avg_precision": 0.09177335640138408,
    "weighted_avg_recall": 0.3029411764705882,
    "weighted_avg_f1-score": 0.14087106625946091,
    "roc_auc_score": 0.4474430072508296,
    "confusion_matrix": [
        [
            412,
            0
        ],
        [
            948,
            0
        ]
    ],
    "class_0_metrics": {
        "precision": 0.3029411764705882,
        "recall": 1.0,
        "f1-score": 0.4650112866817156,
        "support": 412.0
    },
    "class_1_metrics": {
        "precision": 0.0,
        "recall": 0.0,
        "f1-score": 0.0,
        "support": 948.0
    },
    "support_class_0": 412.0,
    "support_class_1": 948.0
}