{
    "accuracy": 0.26544117647058824,
    "macro_avg_precision": 0.13272058823529412,
    "macro_avg_recall": 0.5,
    "macro_avg_f1-score": 0.20976176641487507,
    "weighted_avg_precision": 0.07045901816608997,
    "weighted_avg_recall": 0.26544117647058824,
    "weighted_avg_f1-score": 0.11135882011142631,
    "roc_auc_score": 0.4594941201589401,
    "confusion_matrix": [
        [
            361,
            0
        ],
        [
            999,
            0
        ]
    ],
    "class_0_metrics": {
        "precision": 0.26544117647058824,
        "recall": 1.0,
        "f1-score": 0.41952353282975013,
        "support": 361.0
    },
    "class_1_metrics": {
        "precision": 0.0,
        "recall": 0.0,
        "f1-score": 0.0,
        "support": 999.0
    },
    "support_class_0": 361.0,
    "support_class_1": 999.0
}