{
    "accuracy": 0.5963235294117647,
    "macro_avg_precision": 0.47379619879235346,
    "macro_avg_recall": 0.483882549293588,
    "macro_avg_f1-score": 0.461236117615394,
    "weighted_avg_precision": 0.5338533586583232,
    "weighted_avg_recall": 0.5963235294117647,
    "weighted_avg_f1-score": 0.5501041946855468,
    "roc_auc_score": 0.45456717706877814,
    "confusion_matrix": [
        [
            65,
            391
        ],
        [
            158,
            746
        ]
    ],
    "class_0_metrics": {
        "precision": 0.2914798206278027,
        "recall": 0.1425438596491228,
        "f1-score": 0.19145802650957292,
        "support": 456.0
    },
    "class_1_metrics": {
        "precision": 0.6561125769569042,
        "recall": 0.8252212389380531,
        "f1-score": 0.7310142087212151,
        "support": 904.0
    },
    "support_class_0": 456.0,
    "support_class_1": 904.0
}