{
    "accuracy": 0.25441176470588234,
    "macro_avg_precision": 0.12720588235294117,
    "macro_avg_recall": 0.5,
    "macro_avg_f1-score": 0.20281359906213364,
    "weighted_avg_precision": 0.06472534602076124,
    "weighted_avg_recall": 0.25441176470588234,
    "weighted_avg_f1-score": 0.10319633128749742,
    "roc_auc_score": 0.3866248247084174,
    "confusion_matrix": [
        [
            346,
            0
        ],
        [
            1014,
            0
        ]
    ],
    "class_0_metrics": {
        "precision": 0.25441176470588234,
        "recall": 1.0,
        "f1-score": 0.4056271981242673,
        "support": 346.0
    },
    "class_1_metrics": {
        "precision": 0.0,
        "recall": 0.0,
        "f1-score": 0.0,
        "support": 1014.0
    },
    "support_class_0": 346.0,
    "support_class_1": 1014.0
}