{
    "accuracy": 0.3041880969875092,
    "macro_avg_precision": 0.1520940484937546,
    "macro_avg_recall": 0.5,
    "macro_avg_f1-score": 0.2332394366197183,
    "weighted_avg_precision": 0.0925303983488823,
    "weighted_avg_recall": 0.3041880969875092,
    "weighted_avg_f1-score": 0.14189732073558176,
    "roc_auc_score": 0.44768248575465874,
    "confusion_matrix": [
        [
            414,
            0
        ],
        [
            947,
            0
        ]
    ],
    "class_0_metrics": {
        "precision": 0.3041880969875092,
        "recall": 1.0,
        "f1-score": 0.4664788732394366,
        "support": 414.0
    },
    "class_1_metrics": {
        "precision": 0.0,
        "recall": 0.0,
        "f1-score": 0.0,
        "support": 947.0
    },
    "support_class_0": 414.0,
    "support_class_1": 947.0,
    "target_column_name": "target_30d_11.6p"
}