{
    "accuracy": 0.30220588235294116,
    "macro_avg_precision": 0.15110294117647058,
    "macro_avg_recall": 0.5,
    "macro_avg_f1-score": 0.23207227555053642,
    "weighted_avg_precision": 0.09132839532871972,
    "weighted_avg_recall": 0.30220588235294116,
    "weighted_avg_f1-score": 0.1402672136048095,
    "roc_auc_score": 0.44750396755196276,
    "confusion_matrix": [
        [
            411,
            0
        ],
        [
            949,
            0
        ]
    ],
    "class_0_metrics": {
        "precision": 0.30220588235294116,
        "recall": 1.0,
        "f1-score": 0.46414455110107283,
        "support": 411.0
    },
    "class_1_metrics": {
        "precision": 0.0,
        "recall": 0.0,
        "f1-score": 0.0,
        "support": 949.0
    },
    "support_class_0": 411.0,
    "support_class_1": 949.0
}