{
    "accuracy": 0.5547391623806025,
    "macro_avg_precision": 0.43865981403742793,
    "macro_avg_recall": 0.4546344789566075,
    "macro_avg_f1-score": 0.438613901821449,
    "weighted_avg_precision": 0.5037989187192851,
    "weighted_avg_recall": 0.5547391623806025,
    "weighted_avg_f1-score": 0.5220965204786757,
    "roc_auc_score": 0.4598318559677349,
    "confusion_matrix": [
        [
            68,
            390
        ],
        [
            216,
            687
        ]
    ],
    "class_0_metrics": {
        "precision": 0.23943661971830985,
        "recall": 0.14847161572052403,
        "f1-score": 0.18328840970350405,
        "support": 458.0
    },
    "class_1_metrics": {
        "precision": 0.637883008356546,
        "recall": 0.760797342192691,
        "f1-score": 0.693939393939394,
        "support": 903.0
    },
    "support_class_0": 458.0,
    "support_class_1": 903.0,
    "target_column_name": "target_14d_7.2p"
}