{
    "accuracy": 0.2659808963997061,
    "macro_avg_precision": 0.13299044819985306,
    "macro_avg_recall": 0.5,
    "macro_avg_f1-score": 0.21009866511897854,
    "weighted_avg_precision": 0.07074583724959119,
    "weighted_avg_recall": 0.2659808963997061,
    "weighted_avg_f1-score": 0.11176446256145516,
    "roc_auc_score": 0.45912348812901294,
    "confusion_matrix": [
        [
            362,
            0
        ],
        [
            999,
            0
        ]
    ],
    "class_0_metrics": {
        "precision": 0.2659808963997061,
        "recall": 1.0,
        "f1-score": 0.4201973302379571,
        "support": 362.0
    },
    "class_1_metrics": {
        "precision": 0.0,
        "recall": 0.0,
        "f1-score": 0.0,
        "support": 999.0
    },
    "support_class_0": 362.0,
    "support_class_1": 999.0,
    "target_column_name": "target_60d_18.0p"
}