{
    "accuracy": 0.5045112781954887,
    "macro_avg_precision": 0.587172951135052,
    "macro_avg_recall": 0.5501007774258566,
    "macro_avg_f1-score": 0.46787048015935895,
    "weighted_avg_precision": 0.6041195355645751,
    "weighted_avg_recall": 0.5045112781954887,
    "weighted_avg_f1-score": 0.44897264736135506,
    "roc_auc_score": 0.5539948171609559,
    "confusion_matrix": [
        [
            510,
            65
        ],
        [
            594,
            161
        ]
    ],
    "class_0_metrics": {
        "precision": 0.46195652173913043,
        "recall": 0.8869565217391304,
        "f1-score": 0.6075044669446099,
        "support": 575.0
    },
    "class_1_metrics": {
        "precision": 0.7123893805309734,
        "recall": 0.21324503311258278,
        "f1-score": 0.32823649337410804,
        "support": 755.0
    },
    "support_class_0": 575.0,
    "support_class_1": 755.0,
    "target_column_name": "target_120d_35.9p"
}