{
    "accuracy": 0.5706766917293233,
    "macro_avg_precision": 0.7515230635335074,
    "macro_avg_recall": 0.620345744680851,
    "macro_avg_f1-score": 0.528682280233676,
    "weighted_avg_precision": 0.784030572514838,
    "weighted_avg_recall": 0.5706766917293233,
    "weighted_avg_f1-score": 0.5102766691499414,
    "roc_auc_score": 0.620345744680851,
    "confusion_matrix": [
        [
            578,
            0
        ],
        [
            571,
            181
        ]
    ],
    "class_0_metrics": {
        "precision": 0.5030461270670148,
        "recall": 1.0,
        "f1-score": 0.6693688477127968,
        "support": 578.0
    },
    "class_1_metrics": {
        "precision": 1.0,
        "recall": 0.24069148936170212,
        "f1-score": 0.3879957127545552,
        "support": 752.0
    },
    "support_class_0": 578.0,
    "support_class_1": 752.0,
    "target_column_name": "target_60d_21.4p"
}