{
    "accuracy": 0.512781954887218,
    "macro_avg_precision": 0.5942982894069438,
    "macro_avg_recall": 0.5542145712639006,
    "macro_avg_f1-score": 0.47518031085811163,
    "weighted_avg_precision": 0.6095593383352943,
    "weighted_avg_recall": 0.512781954887218,
    "weighted_avg_f1-score": 0.4578582051817817,
    "roc_auc_score": 0.5581445277967214,
    "confusion_matrix": [
        [
            519,
            64
        ],
        [
            584,
            163
        ]
    ],
    "class_0_metrics": {
        "precision": 0.47053490480507704,
        "recall": 0.8902229845626072,
        "f1-score": 0.6156583629893239,
        "support": 583.0
    },
    "class_1_metrics": {
        "precision": 0.7180616740088106,
        "recall": 0.2182061579651941,
        "f1-score": 0.3347022587268994,
        "support": 747.0
    },
    "support_class_0": 583.0,
    "support_class_1": 747.0,
    "target_column_name": "target_120d_35.7p"
}