{
    "accuracy": 0.4368421052631579,
    "macro_avg_precision": 0.21842105263157896,
    "macro_avg_recall": 0.5,
    "macro_avg_f1-score": 0.304029304029304,
    "weighted_avg_precision": 0.19083102493074794,
    "weighted_avg_recall": 0.4368421052631579,
    "weighted_avg_f1-score": 0.2656256024677077,
    "roc_auc_score": 0.5,
    "confusion_matrix": [
        [
            581,
            0
        ],
        [
            749,
            0
        ]
    ],
    "class_0_metrics": {
        "precision": 0.4368421052631579,
        "recall": 1.0,
        "f1-score": 0.608058608058608,
        "support": 581.0
    },
    "class_1_metrics": {
        "precision": 0.0,
        "recall": 0.0,
        "f1-score": 0.0,
        "support": 749.0
    },
    "support_class_0": 581.0,
    "support_class_1": 749.0,
    "target_column_name": "target_30d_13.4p"
}