{
    "accuracy": 0.524812030075188,
    "macro_avg_precision": 0.5158068308049024,
    "macro_avg_recall": 0.5157406704704608,
    "macro_avg_f1-score": 0.5157439669634791,
    "weighted_avg_precision": 0.5238739884845333,
    "weighted_avg_recall": 0.524812030075188,
    "weighted_avg_f1-score": 0.5243137848492698,
    "roc_auc_score": 0.5147322280712647,
    "confusion_matrix": [
        [
            258,
            321
        ],
        [
            311,
            440
        ]
    ],
    "class_0_metrics": {
        "precision": 0.45342706502636204,
        "recall": 0.44559585492227977,
        "f1-score": 0.44947735191637633,
        "support": 579.0
    },
    "class_1_metrics": {
        "precision": 0.5781865965834428,
        "recall": 0.5858854860186418,
        "f1-score": 0.582010582010582,
        "support": 751.0
    },
    "support_class_0": 579.0,
    "support_class_1": 751.0,
    "target_column_name": "target_30d_13.4p"
}