{
    "accuracy": 0.43834586466165415,
    "macro_avg_precision": 0.21917293233082707,
    "macro_avg_recall": 0.5,
    "macro_avg_f1-score": 0.30475692629377943,
    "weighted_avg_precision": 0.19214709706597322,
    "weighted_avg_recall": 0.43834586466165415,
    "weighted_avg_f1-score": 0.2671778767357495,
    "roc_auc_score": 0.5889125398104712,
    "confusion_matrix": [
        [
            583,
            0
        ],
        [
            747,
            0
        ]
    ],
    "class_0_metrics": {
        "precision": 0.43834586466165415,
        "recall": 1.0,
        "f1-score": 0.6095138525875589,
        "support": 583.0
    },
    "class_1_metrics": {
        "precision": 0.0,
        "recall": 0.0,
        "f1-score": 0.0,
        "support": 747.0
    },
    "support_class_0": 583.0,
    "support_class_1": 747.0,
    "target_column_name": "target_14d_8.1p"
}