{
    "accuracy": 0.5146726862302483,
    "macro_avg_precision": 0.595798078302022,
    "macro_avg_recall": 0.5552725935460145,
    "macro_avg_f1-score": 0.47715621483313564,
    "weighted_avg_precision": 0.6107593476302644,
    "weighted_avg_recall": 0.5146726862302483,
    "weighted_avg_f1-score": 0.460189496027138,
    "roc_auc_score": 0.5592304863473384,
    "confusion_matrix": [
        [
            520,
            64
        ],
        [
            581,
            164
        ]
    ],
    "class_0_metrics": {
        "precision": 0.47229791099000906,
        "recall": 0.8904109589041096,
        "f1-score": 0.6172106824925816,
        "support": 584.0
    },
    "class_1_metrics": {
        "precision": 0.7192982456140351,
        "recall": 0.22013422818791947,
        "f1-score": 0.3371017471736896,
        "support": 745.0
    },
    "support_class_0": 584.0,
    "support_class_1": 745.0
}