{
    "accuracy": 0.43867569601203915,
    "macro_avg_precision": 0.21933784800601958,
    "macro_avg_recall": 0.5,
    "macro_avg_f1-score": 0.3049163179916318,
    "weighted_avg_precision": 0.19243636627164698,
    "weighted_avg_recall": 0.43867569601203915,
    "weighted_avg_f1-score": 0.2675187560408147,
    "roc_auc_score": 0.586248442235088,
    "confusion_matrix": [
        [
            583,
            0
        ],
        [
            746,
            0
        ]
    ],
    "class_0_metrics": {
        "precision": 0.43867569601203915,
        "recall": 1.0,
        "f1-score": 0.6098326359832636,
        "support": 583.0
    },
    "class_1_metrics": {
        "precision": 0.0,
        "recall": 0.0,
        "f1-score": 0.0,
        "support": 746.0
    },
    "support_class_0": 583.0,
    "support_class_1": 746.0
}