{
    "accuracy": 0.5714285714285714,
    "macro_avg_precision": 0.7517421602787456,
    "macro_avg_recall": 0.6210106382978724,
    "macro_avg_f1-score": 0.5297391451065825,
    "weighted_avg_precision": 0.7842210054753609,
    "weighted_avg_recall": 0.5714285714285714,
    "weighted_avg_f1-score": 0.5114210638438904,
    "roc_auc_score": 0.6210106382978724,
    "confusion_matrix": [
        [
            578,
            0
        ],
        [
            570,
            182
        ]
    ],
    "class_0_metrics": {
        "precision": 0.5034843205574913,
        "recall": 1.0,
        "f1-score": 0.6697566628041715,
        "support": 578.0
    },
    "class_1_metrics": {
        "precision": 1.0,
        "recall": 0.24202127659574468,
        "f1-score": 0.3897216274089936,
        "support": 752.0
    },
    "support_class_0": 578.0,
    "support_class_1": 752.0,
    "target_column_name": "target_60d_21.4p"
}