{
    "accuracy": 0.436418359668924,
    "macro_avg_precision": 0.218209179834462,
    "macro_avg_recall": 0.5,
    "macro_avg_f1-score": 0.3038239916186485,
    "weighted_avg_precision": 0.1904609846561143,
    "weighted_avg_recall": 0.436418359668924,
    "weighted_avg_f1-score": 0.265188736100551,
    "roc_auc_score": 0.5,
    "confusion_matrix": [
        [
            580,
            0
        ],
        [
            749,
            0
        ]
    ],
    "class_0_metrics": {
        "precision": 0.436418359668924,
        "recall": 1.0,
        "f1-score": 0.607647983237297,
        "support": 580.0
    },
    "class_1_metrics": {
        "precision": 0.0,
        "recall": 0.0,
        "f1-score": 0.0,
        "support": 749.0
    },
    "support_class_0": 580.0,
    "support_class_1": 749.0
}