{
    "accuracy": 0.43909774436090226,
    "macro_avg_precision": 0.21954887218045113,
    "macro_avg_recall": 0.5,
    "macro_avg_f1-score": 0.3051201671891327,
    "weighted_avg_precision": 0.19280682910283228,
    "weighted_avg_recall": 0.43909774436090226,
    "weighted_avg_f1-score": 0.26795515434353906,
    "roc_auc_score": 0.5874446821403649,
    "confusion_matrix": [
        [
            584,
            0
        ],
        [
            746,
            0
        ]
    ],
    "class_0_metrics": {
        "precision": 0.43909774436090226,
        "recall": 1.0,
        "f1-score": 0.6102403343782654,
        "support": 584.0
    },
    "class_1_metrics": {
        "precision": 0.0,
        "recall": 0.0,
        "f1-score": 0.0,
        "support": 746.0
    },
    "support_class_0": 584.0,
    "support_class_1": 746.0,
    "target_column_name": "target_14d_8.1p"
}