{
    "accuracy": 0.5590669676448458,
    "macro_avg_precision": 0.7478485370051635,
    "macro_avg_recall": 0.6108897742363878,
    "macro_avg_f1-score": 0.5129371591534497,
    "weighted_avg_precision": 0.7814307860270492,
    "weighted_avg_recall": 0.5590669676448458,
    "weighted_avg_f1-score": 0.49297389239800454,
    "roc_auc_score": 0.649402390438247,
    "confusion_matrix": [
        [
            576,
            0
        ],
        [
            586,
            167
        ]
    ],
    "class_0_metrics": {
        "precision": 0.49569707401032703,
        "recall": 1.0,
        "f1-score": 0.6628308400460299,
        "support": 576.0
    },
    "class_1_metrics": {
        "precision": 1.0,
        "recall": 0.22177954847277556,
        "f1-score": 0.3630434782608696,
        "support": 753.0
    },
    "support_class_0": 576.0,
    "support_class_1": 753.0
}