{
    "accuracy": 0.5222978080120937,
    "macro_avg_precision": 0.4940245459624001,
    "macro_avg_recall": 0.4951368817588413,
    "macro_avg_f1-score": 0.48056537102473496,
    "weighted_avg_precision": 0.5017528909369343,
    "weighted_avg_recall": 0.5222978080120937,
    "weighted_avg_f1-score": 0.498482497304641,
    "roc_auc_score": 0.4298066350886797,
    "confusion_matrix": [
        [
            158,
            423
        ],
        [
            209,
            533
        ]
    ],
    "class_0_metrics": {
        "precision": 0.4305177111716621,
        "recall": 0.2719449225473322,
        "f1-score": 0.3333333333333333,
        "support": 581.0
    },
    "class_1_metrics": {
        "precision": 0.5575313807531381,
        "recall": 0.7183288409703504,
        "f1-score": 0.6277974087161367,
        "support": 742.0
    },
    "support_class_0": 581.0,
    "support_class_1": 742.0
}