{
    "accuracy": 0.5207860922146637,
    "macro_avg_precision": 0.5405238751783065,
    "macro_avg_recall": 0.5400662720218863,
    "macro_avg_f1-score": 0.5206872354237335,
    "weighted_avg_precision": 0.5574939985381913,
    "weighted_avg_recall": 0.5207860922146637,
    "weighted_avg_f1-score": 0.5194749389875897,
    "roc_auc_score": 0.6222341454210986,
    "confusion_matrix": [
        [
            354,
            191
        ],
        [
            443,
            335
        ]
    ],
    "class_0_metrics": {
        "precision": 0.44416562107904645,
        "recall": 0.6495412844036698,
        "f1-score": 0.5275707898658718,
        "support": 545.0
    },
    "class_1_metrics": {
        "precision": 0.6368821292775665,
        "recall": 0.4305912596401028,
        "f1-score": 0.5138036809815951,
        "support": 778.0
    },
    "support_class_0": 545.0,
    "support_class_1": 778.0
}