{
    "accuracy": 0.4973544973544973,
    "macro_avg_precision": 0.45867080570057855,
    "macro_avg_recall": 0.4658497341665889,
    "macro_avg_f1-score": 0.45163783458665363,
    "weighted_avg_precision": 0.47120780802169265,
    "weighted_avg_recall": 0.4973544973544973,
    "weighted_avg_f1-score": 0.47401745745991747,
    "roc_auc_score": 0.39863468892827164,
    "confusion_matrix": [
        [
            138,
            430
        ],
        [
            235,
            520
        ]
    ],
    "class_0_metrics": {
        "precision": 0.3699731903485255,
        "recall": 0.24295774647887325,
        "f1-score": 0.29330499468650373,
        "support": 568.0
    },
    "class_1_metrics": {
        "precision": 0.5473684210526316,
        "recall": 0.6887417218543046,
        "f1-score": 0.6099706744868035,
        "support": 755.0
    },
    "support_class_0": 568.0,
    "support_class_1": 755.0
}