{
    "accuracy": 0.5124716553287982,
    "macro_avg_precision": 0.46342943117841195,
    "macro_avg_recall": 0.4736440164163791,
    "macro_avg_f1-score": 0.4480457948610146,
    "weighted_avg_precision": 0.4762200809916926,
    "weighted_avg_recall": 0.5124716553287982,
    "weighted_avg_f1-score": 0.4746998566032171,
    "roc_auc_score": 0.4158567297826696,
    "confusion_matrix": [
        [
            113,
            455
        ],
        [
            190,
            565
        ]
    ],
    "class_0_metrics": {
        "precision": 0.37293729372937295,
        "recall": 0.198943661971831,
        "f1-score": 0.25947187141216993,
        "support": 568.0
    },
    "class_1_metrics": {
        "precision": 0.553921568627451,
        "recall": 0.7483443708609272,
        "f1-score": 0.6366197183098592,
        "support": 755.0
    },
    "support_class_0": 568.0,
    "support_class_1": 755.0
}