{
    "accuracy": 0.5419501133786848,
    "macro_avg_precision": 0.5597782972092364,
    "macro_avg_recall": 0.5597450067960432,
    "macro_avg_f1-score": 0.5419498516849413,
    "weighted_avg_precision": 0.5774560322310914,
    "weighted_avg_recall": 0.5419501133786848,
    "weighted_avg_f1-score": 0.5418883536552257,
    "roc_auc_score": 0.6237575983538473,
    "confusion_matrix": [
        [
            359,
            185
        ],
        [
            421,
            358
        ]
    ],
    "class_0_metrics": {
        "precision": 0.46025641025641023,
        "recall": 0.6599264705882353,
        "f1-score": 0.5422960725075529,
        "support": 544.0
    },
    "class_1_metrics": {
        "precision": 0.6593001841620626,
        "recall": 0.4595635430038511,
        "f1-score": 0.5416036308623298,
        "support": 779.0
    },
    "support_class_0": 544.0,
    "support_class_1": 779.0
}