{
    "accuracy": 0.5797430083144369,
    "macro_avg_precision": 0.5647620068610635,
    "macro_avg_recall": 0.564077814077814,
    "macro_avg_f1-score": 0.5643097786686,
    "weighted_avg_precision": 0.5777230980061168,
    "weighted_avg_recall": 0.5797430083144369,
    "weighted_avg_f1-score": 0.5786273531593161,
    "roc_auc_score": 0.5586163086163086,
    "confusion_matrix": [
        [
            259,
            287
        ],
        [
            269,
            508
        ]
    ],
    "class_0_metrics": {
        "precision": 0.49053030303030304,
        "recall": 0.47435897435897434,
        "f1-score": 0.4823091247672253,
        "support": 546.0
    },
    "class_1_metrics": {
        "precision": 0.6389937106918239,
        "recall": 0.6537966537966537,
        "f1-score": 0.6463104325699746,
        "support": 777.0
    },
    "support_class_0": 546.0,
    "support_class_1": 777.0
}