{
    "accuracy": 0.5563114134542706,
    "macro_avg_precision": 0.5744355508570566,
    "macro_avg_recall": 0.5744355508570566,
    "macro_avg_f1-score": 0.5563114134542706,
    "weighted_avg_precision": 0.5925596882598425,
    "weighted_avg_recall": 0.5563114134542706,
    "weighted_avg_f1-score": 0.5563114134542706,
    "roc_auc_score": 0.6418095880842709,
    "confusion_matrix": [
        [
            368,
            176
        ],
        [
            411,
            368
        ]
    ],
    "class_0_metrics": {
        "precision": 0.472400513478819,
        "recall": 0.6764705882352942,
        "f1-score": 0.5563114134542706,
        "support": 544.0
    },
    "class_1_metrics": {
        "precision": 0.6764705882352942,
        "recall": 0.472400513478819,
        "f1-score": 0.5563114134542706,
        "support": 779.0
    },
    "support_class_0": 544.0,
    "support_class_1": 779.0
}