{
    "accuracy": 0.5215419501133787,
    "macro_avg_precision": 0.4932079444570908,
    "macro_avg_recall": 0.4944630273114019,
    "macro_avg_f1-score": 0.4799854450890526,
    "weighted_avg_precision": 0.5009792816132447,
    "weighted_avg_recall": 0.5215419501133787,
    "weighted_avg_f1-score": 0.49787474270647636,
    "roc_auc_score": 0.4294563699542103,
    "confusion_matrix": [
        [
            158,
            423
        ],
        [
            210,
            532
        ]
    ],
    "class_0_metrics": {
        "precision": 0.42934782608695654,
        "recall": 0.2719449225473322,
        "f1-score": 0.3329820864067439,
        "support": 581.0
    },
    "class_1_metrics": {
        "precision": 0.5570680628272251,
        "recall": 0.7169811320754716,
        "f1-score": 0.6269888037713612,
        "support": 742.0
    },
    "support_class_0": 581.0,
    "support_class_1": 742.0,
    "target_column_name": "target_30d_5.3p"
}