{
    "accuracy": 0.5192743764172335,
    "macro_avg_precision": 0.526647906638565,
    "macro_avg_recall": 0.5272992772992773,
    "macro_avg_f1-score": 0.518250231305479,
    "weighted_avg_precision": 0.5422743789424875,
    "weighted_avg_recall": 0.5192743764172335,
    "weighted_avg_f1-score": 0.5221285513188448,
    "roc_auc_score": 0.539145110573682,
    "confusion_matrix": [
        [
            313,
            233
        ],
        [
            403,
            374
        ]
    ],
    "class_0_metrics": {
        "precision": 0.4371508379888268,
        "recall": 0.5732600732600732,
        "f1-score": 0.4960380348652932,
        "support": 546.0
    },
    "class_1_metrics": {
        "precision": 0.6161449752883031,
        "recall": 0.48133848133848134,
        "f1-score": 0.5404624277456648,
        "support": 777.0
    },
    "support_class_0": 546.0,
    "support_class_1": 777.0
}