{
    "accuracy": 0.3922902494331066,
    "macro_avg_precision": 0.39060963730901677,
    "macro_avg_recall": 0.3885370797511708,
    "macro_avg_f1-score": 0.388289013617961,
    "weighted_avg_precision": 0.4005306701705793,
    "weighted_avg_recall": 0.3922902494331066,
    "weighted_avg_f1-score": 0.3951322487036773,
    "roc_auc_score": 0.37003215209338086,
    "confusion_matrix": [
        [
            206,
            364
        ],
        [
            440,
            313
        ]
    ],
    "class_0_metrics": {
        "precision": 0.3188854489164087,
        "recall": 0.36140350877192984,
        "f1-score": 0.33881578947368424,
        "support": 570.0
    },
    "class_1_metrics": {
        "precision": 0.4623338257016248,
        "recall": 0.4156706507304117,
        "f1-score": 0.43776223776223777,
        "support": 753.0
    },
    "support_class_0": 570.0,
    "support_class_1": 753.0,
    "target_column_name": "target_14d_3.3p"
}