{
    "accuracy": 0.5600907029478458,
    "macro_avg_precision": 0.5589957757296466,
    "macro_avg_recall": 0.560157193270338,
    "macro_avg_f1-score": 0.557408088657945,
    "weighted_avg_precision": 0.5686415631280674,
    "weighted_avg_recall": 0.5600907029478458,
    "weighted_avg_f1-score": 0.562226376460194,
    "roc_auc_score": 0.6007421461636357,
    "confusion_matrix": [
        [
            319,
            250
        ],
        [
            332,
            422
        ]
    ],
    "class_0_metrics": {
        "precision": 0.49001536098310294,
        "recall": 0.5606326889279437,
        "f1-score": 0.5229508196721312,
        "support": 569.0
    },
    "class_1_metrics": {
        "precision": 0.6279761904761905,
        "recall": 0.5596816976127321,
        "f1-score": 0.5918653576437588,
        "support": 754.0
    },
    "support_class_0": 569.0,
    "support_class_1": 754.0
}