{
    "accuracy": 0.5117157974300831,
    "macro_avg_precision": 0.4884891313372045,
    "macro_avg_recall": 0.48887619874650756,
    "macro_avg_f1-score": 0.48795401604693295,
    "weighted_avg_precision": 0.5047824642680299,
    "weighted_avg_recall": 0.5117157974300831,
    "weighted_avg_f1-score": 0.5075470638540919,
    "roc_auc_score": 0.5422534546552895,
    "confusion_matrix": [
        [
            196,
            348
        ],
        [
            298,
            481
        ]
    ],
    "class_0_metrics": {
        "precision": 0.3967611336032389,
        "recall": 0.3602941176470588,
        "f1-score": 0.37764932562620424,
        "support": 544.0
    },
    "class_1_metrics": {
        "precision": 0.5802171290711701,
        "recall": 0.6174582798459564,
        "f1-score": 0.5982587064676617,
        "support": 779.0
    },
    "support_class_0": 544.0,
    "support_class_1": 779.0,
    "target_column_name": "target_120d_13.1p"
}