{
    "accuracy": 0.5230536659108088,
    "macro_avg_precision": 0.4942960505619584,
    "macro_avg_recall": 0.49537174548661067,
    "macro_avg_f1-score": 0.4806584362139918,
    "weighted_avg_precision": 0.5022007576477301,
    "weighted_avg_recall": 0.5230536659108088,
    "weighted_avg_f1-score": 0.4989399770620901,
    "roc_auc_score": 0.4295365944214972,
    "confusion_matrix": [
        [
            157,
            423
        ],
        [
            208,
            535
        ]
    ],
    "class_0_metrics": {
        "precision": 0.4301369863013699,
        "recall": 0.2706896551724138,
        "f1-score": 0.3322751322751323,
        "support": 580.0
    },
    "class_1_metrics": {
        "precision": 0.558455114822547,
        "recall": 0.7200538358008075,
        "f1-score": 0.6290417401528513,
        "support": 743.0
    },
    "support_class_0": 580.0,
    "support_class_1": 743.0
}