{
    "accuracy": 0.5049130763416477,
    "macro_avg_precision": 0.5743038574050892,
    "macro_avg_recall": 0.554004554004554,
    "macro_avg_f1-score": 0.4874801350608856,
    "weighted_avg_precision": 0.5965976966619111,
    "weighted_avg_recall": 0.5049130763416477,
    "weighted_avg_f1-score": 0.47097599802868867,
    "roc_auc_score": 0.6199056199056199,
    "confusion_matrix": [
        [
            456,
            90
        ],
        [
            565,
            212
        ]
    ],
    "class_0_metrics": {
        "precision": 0.44662095984329087,
        "recall": 0.8351648351648352,
        "f1-score": 0.582003828972559,
        "support": 546.0
    },
    "class_1_metrics": {
        "precision": 0.7019867549668874,
        "recall": 0.2728442728442728,
        "f1-score": 0.39295644114921224,
        "support": 777.0
    },
    "support_class_0": 546.0,
    "support_class_1": 777.0,
    "target_column_name": "target_60d_8.1p"
}