{
    "accuracy": 0.5132275132275133,
    "macro_avg_precision": 0.4901044133949981,
    "macro_avg_recall": 0.4904371649173148,
    "macro_avg_f1-score": 0.4895392977309982,
    "weighted_avg_precision": 0.5063250953670609,
    "weighted_avg_recall": 0.5132275132275133,
    "weighted_avg_f1-score": 0.5090716859474228,
    "roc_auc_score": 0.543400286944046,
    "confusion_matrix": [
        [
            197,
            347
        ],
        [
            297,
            482
        ]
    ],
    "class_0_metrics": {
        "precision": 0.39878542510121456,
        "recall": 0.36213235294117646,
        "f1-score": 0.37957610789980734,
        "support": 544.0
    },
    "class_1_metrics": {
        "precision": 0.5814234016887817,
        "recall": 0.6187419768934531,
        "f1-score": 0.599502487562189,
        "support": 779.0
    },
    "support_class_0": 544.0,
    "support_class_1": 779.0,
    "target_column_name": "target_120d_13.1p"
}