{
    "accuracy": 0.5185185185185185,
    "macro_avg_precision": 0.5258241834095699,
    "macro_avg_recall": 0.526441084453156,
    "macro_avg_f1-score": 0.5175261875196439,
    "weighted_avg_precision": 0.541172782125632,
    "weighted_avg_recall": 0.5185185185185185,
    "weighted_avg_f1-score": 0.5213135841653489,
    "roc_auc_score": 0.5383653103149324,
    "confusion_matrix": [
        [
            313,
            234
        ],
        [
            403,
            373
        ]
    ],
    "class_0_metrics": {
        "precision": 0.4371508379888268,
        "recall": 0.5722120658135283,
        "f1-score": 0.49564528899445764,
        "support": 547.0
    },
    "class_1_metrics": {
        "precision": 0.6144975288303131,
        "recall": 0.4806701030927835,
        "f1-score": 0.5394070860448301,
        "support": 776.0
    },
    "support_class_0": 547.0,
    "support_class_1": 776.0
}