{
    "accuracy": 0.9177215189873418,
    "macro_avg_precision": 0.954225352112676,
    "macro_avg_recall": 0.7758620689655172,
    "macro_avg_f1-score": 0.8315703157031571,
    "weighted_avg_precision": 0.9252540559814584,
    "weighted_avg_recall": 0.9177215189873418,
    "weighted_avg_f1-score": 0.9078103186095151,
    "roc_auc_score": 0.6827051590483827,
    "confusion_matrix": [
        [
            129,
            0
        ],
        [
            13,
            16
        ]
    ],
    "class_0_metrics": {
        "precision": 0.9084507042253521,
        "recall": 1.0,
        "f1-score": 0.9520295202952029,
        "support": 129.0
    },
    "class_1_metrics": {
        "precision": 1.0,
        "recall": 0.5517241379310345,
        "f1-score": 0.7111111111111111,
        "support": 29.0
    },
    "support_class_0": 129.0,
    "support_class_1": 29.0
}