{
    "accuracy": 0.5031446540880503,
    "macro_avg_precision": 0.5030063291139241,
    "macro_avg_recall": 0.5030120481927711,
    "macro_avg_f1-score": 0.5028300019790224,
    "weighted_avg_precision": 0.5039746039328079,
    "weighted_avg_recall": 0.5031446540880503,
    "weighted_avg_f1-score": 0.5033806431698212,
    "roc_auc_score": 0.5109384908053266,
    "confusion_matrix": [
        [
            38,
            38
        ],
        [
            41,
            42
        ]
    ],
    "class_0_metrics": {
        "precision": 0.4810126582278481,
        "recall": 0.5,
        "f1-score": 0.49032258064516127,
        "support": 76.0
    },
    "class_1_metrics": {
        "precision": 0.525,
        "recall": 0.5060240963855421,
        "f1-score": 0.5153374233128835,
        "support": 83.0
    },
    "support_class_0": 76.0,
    "support_class_1": 83.0,
    "target_column_name": "target_14d_16.3p"
}