{
    "accuracy": 0.5063291139240507,
    "macro_avg_precision": 0.5063291139240507,
    "macro_avg_recall": 0.5063453815261044,
    "macro_avg_f1-score": 0.506012506012506,
    "weighted_avg_precision": 0.5076109597820863,
    "weighted_avg_recall": 0.5063291139240507,
    "weighted_avg_f1-score": 0.5066457218355952,
    "roc_auc_score": 0.5138152610441767,
    "confusion_matrix": [
        [
            38,
            37
        ],
        [
            41,
            42
        ]
    ],
    "class_0_metrics": {
        "precision": 0.4810126582278481,
        "recall": 0.5066666666666667,
        "f1-score": 0.4935064935064935,
        "support": 75.0
    },
    "class_1_metrics": {
        "precision": 0.5316455696202531,
        "recall": 0.5060240963855421,
        "f1-score": 0.5185185185185185,
        "support": 83.0
    },
    "support_class_0": 75.0,
    "support_class_1": 83.0
}