{
    "accuracy": 0.6835443037974683,
    "macro_avg_precision": 0.7025058275058275,
    "macro_avg_recall": 0.6167674731182796,
    "macro_avg_f1-score": 0.6062599681020734,
    "weighted_avg_precision": 0.6964238293352217,
    "weighted_avg_recall": 0.6835443037974683,
    "weighted_avg_f1-score": 0.6437980740112652,
    "roc_auc_score": 0.6286122311827957,
    "confusion_matrix": [
        [
            89,
            7
        ],
        [
            43,
            19
        ]
    ],
    "class_0_metrics": {
        "precision": 0.6742424242424242,
        "recall": 0.9270833333333334,
        "f1-score": 0.7807017543859649,
        "support": 96.0
    },
    "class_1_metrics": {
        "precision": 0.7307692307692307,
        "recall": 0.3064516129032258,
        "f1-score": 0.4318181818181818,
        "support": 62.0
    },
    "support_class_0": 96.0,
    "support_class_1": 62.0
}