{
    "accuracy": 0.6540880503144654,
    "macro_avg_precision": 0.6283166594171379,
    "macro_avg_recall": 0.5986952157912345,
    "macro_avg_f1-score": 0.5966514459665144,
    "weighted_avg_precision": 0.6398051107810068,
    "weighted_avg_recall": 0.6540880503144654,
    "weighted_avg_f1-score": 0.6320706853144176,
    "roc_auc_score": 0.5198226831716293,
    "confusion_matrix": [
        [
            82,
            16
        ],
        [
            39,
            22
        ]
    ],
    "class_0_metrics": {
        "precision": 0.6776859504132231,
        "recall": 0.8367346938775511,
        "f1-score": 0.7488584474885844,
        "support": 98.0
    },
    "class_1_metrics": {
        "precision": 0.5789473684210527,
        "recall": 0.36065573770491804,
        "f1-score": 0.4444444444444444,
        "support": 61.0
    },
    "support_class_0": 98.0,
    "support_class_1": 61.0,
    "target_column_name": "target_60d_37.4p"
}