{
    "accuracy": 0.6792452830188679,
    "macro_avg_precision": 0.6994027869940278,
    "macro_avg_recall": 0.6005352960856474,
    "macro_avg_f1-score": 0.5842604460394771,
    "weighted_avg_precision": 0.6929173291933242,
    "weighted_avg_recall": 0.6792452830188679,
    "weighted_avg_f1-score": 0.6305030640426016,
    "roc_auc_score": 0.5894948143191703,
    "confusion_matrix": [
        [
            92,
            6
        ],
        [
            45,
            16
        ]
    ],
    "class_0_metrics": {
        "precision": 0.6715328467153284,
        "recall": 0.9387755102040817,
        "f1-score": 0.7829787234042553,
        "support": 98.0
    },
    "class_1_metrics": {
        "precision": 0.7272727272727273,
        "recall": 0.26229508196721313,
        "f1-score": 0.3855421686746988,
        "support": 61.0
    },
    "support_class_0": 98.0,
    "support_class_1": 61.0,
    "target_column_name": "target_60d_37.4p"
}