{
    "accuracy": 0.5759493670886076,
    "macro_avg_precision": 0.7824675324675325,
    "macro_avg_recall": 0.528169014084507,
    "macro_avg_f1-score": 0.41432918395574,
    "weighted_avg_precision": 0.7604389281604471,
    "weighted_avg_recall": 0.5759493670886076,
    "weighted_avg_f1-score": 0.4454848819090639,
    "roc_auc_score": 0.6601100858021693,
    "confusion_matrix": [
        [
            87,
            0
        ],
        [
            67,
            4
        ]
    ],
    "class_0_metrics": {
        "precision": 0.564935064935065,
        "recall": 1.0,
        "f1-score": 0.7219917012448133,
        "support": 87.0
    },
    "class_1_metrics": {
        "precision": 1.0,
        "recall": 0.056338028169014086,
        "f1-score": 0.10666666666666667,
        "support": 71.0
    },
    "support_class_0": 87.0,
    "support_class_1": 71.0
}