{
    "accuracy": 0.5253164556962026,
    "macro_avg_precision": 0.5245310245310245,
    "macro_avg_recall": 0.5246138996138996,
    "macro_avg_f1-score": 0.5243829018663455,
    "weighted_avg_precision": 0.5264946024439696,
    "weighted_avg_recall": 0.5253164556962026,
    "weighted_avg_f1-score": 0.5257165501947125,
    "roc_auc_score": 0.47747747747747743,
    "confusion_matrix": [
        [
            38,
            36
        ],
        [
            39,
            45
        ]
    ],
    "class_0_metrics": {
        "precision": 0.4935064935064935,
        "recall": 0.5135135135135135,
        "f1-score": 0.5033112582781457,
        "support": 74.0
    },
    "class_1_metrics": {
        "precision": 0.5555555555555556,
        "recall": 0.5357142857142857,
        "f1-score": 0.5454545454545454,
        "support": 84.0
    },
    "support_class_0": 74.0,
    "support_class_1": 84.0
}