{
    "accuracy": 0.5632911392405063,
    "macro_avg_precision": 0.5542772861356933,
    "macro_avg_recall": 0.5445736434108527,
    "macro_avg_f1-score": 0.5317613709573509,
    "weighted_avg_precision": 0.5561330794219782,
    "weighted_avg_recall": 0.5632911392405063,
    "weighted_avg_f1-score": 0.5425276332979405,
    "roc_auc_score": 0.628310723514212,
    "confusion_matrix": [
        [
            65,
            21
        ],
        [
            48,
            24
        ]
    ],
    "class_0_metrics": {
        "precision": 0.5752212389380531,
        "recall": 0.7558139534883721,
        "f1-score": 0.6532663316582915,
        "support": 86.0
    },
    "class_1_metrics": {
        "precision": 0.5333333333333333,
        "recall": 0.3333333333333333,
        "f1-score": 0.41025641025641024,
        "support": 72.0
    },
    "support_class_0": 86.0,
    "support_class_1": 72.0
}