{
    "accuracy": 0.9182389937106918,
    "macro_avg_precision": 0.9551724137931035,
    "macro_avg_recall": 0.7592592592592593,
    "macro_avg_f1-score": 0.8179977106630272,
    "weighted_avg_precision": 0.925569290826285,
    "weighted_avg_recall": 0.9182389937106918,
    "weighted_avg_f1-score": 0.9071954625274745,
    "roc_auc_score": 0.6579685746352413,
    "confusion_matrix": [
        [
            132,
            0
        ],
        [
            13,
            14
        ]
    ],
    "class_0_metrics": {
        "precision": 0.9103448275862069,
        "recall": 1.0,
        "f1-score": 0.9530685920577617,
        "support": 132.0
    },
    "class_1_metrics": {
        "precision": 1.0,
        "recall": 0.5185185185185185,
        "f1-score": 0.6829268292682927,
        "support": 27.0
    },
    "support_class_0": 132.0,
    "support_class_1": 27.0,
    "target_column_name": "target_120d_73.8p"
}