{
    "accuracy": 0.9177215189873418,
    "macro_avg_precision": 0.9545454545454546,
    "macro_avg_recall": 0.7678571428571428,
    "macro_avg_f1-score": 0.8250276854928018,
    "weighted_avg_precision": 0.9252013808975834,
    "weighted_avg_recall": 0.9177215189873418,
    "weighted_avg_f1-score": 0.9072430856357849,
    "roc_auc_score": 0.6458791208791209,
    "confusion_matrix": [
        [
            130,
            0
        ],
        [
            13,
            15
        ]
    ],
    "class_0_metrics": {
        "precision": 0.9090909090909091,
        "recall": 1.0,
        "f1-score": 0.9523809523809523,
        "support": 130.0
    },
    "class_1_metrics": {
        "precision": 1.0,
        "recall": 0.5357142857142857,
        "f1-score": 0.6976744186046512,
        "support": 28.0
    },
    "support_class_0": 130.0,
    "support_class_1": 28.0
}