{
    "accuracy": 0.6772151898734177,
    "macro_avg_precision": 0.6981951871657754,
    "macro_avg_recall": 0.6002197059320602,
    "macro_avg_f1-score": 0.5833290242515126,
    "weighted_avg_precision": 0.6915699248629257,
    "weighted_avg_recall": 0.6772151898734177,
    "weighted_avg_f1-score": 0.628394383750027,
    "roc_auc_score": 0.5876288659793815,
    "confusion_matrix": [
        [
            91,
            6
        ],
        [
            45,
            16
        ]
    ],
    "class_0_metrics": {
        "precision": 0.6691176470588235,
        "recall": 0.9381443298969072,
        "f1-score": 0.7811158798283262,
        "support": 97.0
    },
    "class_1_metrics": {
        "precision": 0.7272727272727273,
        "recall": 0.26229508196721313,
        "f1-score": 0.3855421686746988,
        "support": 61.0
    },
    "support_class_0": 97.0,
    "support_class_1": 61.0
}