{
    "accuracy": 0.6352201257861635,
    "macro_avg_precision": 0.7677339901477833,
    "macro_avg_recall": 0.587239165329053,
    "macro_avg_f1-score": 0.5308302808302808,
    "weighted_avg_precision": 0.7485144220342659,
    "weighted_avg_recall": 0.6352201257861635,
    "weighted_avg_f1-score": 0.5572757082191045,
    "roc_auc_score": 0.6487961476725521,
    "confusion_matrix": [
        [
            88,
            1
        ],
        [
            57,
            13
        ]
    ],
    "class_0_metrics": {
        "precision": 0.6068965517241379,
        "recall": 0.9887640449438202,
        "f1-score": 0.7521367521367521,
        "support": 89.0
    },
    "class_1_metrics": {
        "precision": 0.9285714285714286,
        "recall": 0.18571428571428572,
        "f1-score": 0.30952380952380953,
        "support": 70.0
    },
    "support_class_0": 89.0,
    "support_class_1": 70.0,
    "target_column_name": "target_30d_24.9p"
}