{
    "accuracy": 0.41612483745123535,
    "macro_avg_precision": 0.41206237851605265,
    "macro_avg_recall": 0.44624199297977246,
    "macro_avg_f1-score": 0.3719251653039136,
    "weighted_avg_precision": 0.41143156191121055,
    "weighted_avg_recall": 0.41612483745123535,
    "weighted_avg_f1-score": 0.3556752858379865,
    "roc_auc_score": 0.4446508324569431,
    "confusion_matrix": [
        [
            262,
            85
        ],
        [
            364,
            58
        ]
    ],
    "class_0_metrics": {
        "precision": 0.4185303514376997,
        "recall": 0.7550432276657061,
        "f1-score": 0.538540596094553,
        "support": 347.0
    },
    "class_1_metrics": {
        "precision": 0.40559440559440557,
        "recall": 0.13744075829383887,
        "f1-score": 0.20530973451327433,
        "support": 422.0
    },
    "support_class_0": 347.0,
    "support_class_1": 422.0
}