{
    "accuracy": 0.577373211963589,
    "macro_avg_precision": 0.561317564207134,
    "macro_avg_recall": 0.5423711921258111,
    "macro_avg_f1-score": 0.5199335388634377,
    "weighted_avg_precision": 0.564897789109148,
    "weighted_avg_recall": 0.577373211963589,
    "weighted_avg_f1-score": 0.5408795850691321,
    "roc_auc_score": 0.5119150720334322,
    "confusion_matrix": [
        [
            89,
            247
        ],
        [
            78,
            355
        ]
    ],
    "class_0_metrics": {
        "precision": 0.5329341317365269,
        "recall": 0.2648809523809524,
        "f1-score": 0.3538767395626243,
        "support": 336.0
    },
    "class_1_metrics": {
        "precision": 0.5897009966777409,
        "recall": 0.8198614318706697,
        "f1-score": 0.6859903381642513,
        "support": 433.0
    },
    "support_class_0": 336.0,
    "support_class_1": 433.0
}