{
    "accuracy": 0.5942782834850455,
    "macro_avg_precision": 0.5574572375780503,
    "macro_avg_recall": 0.5397076393281327,
    "macro_avg_f1-score": 0.5231500620090946,
    "weighted_avg_precision": 0.5697860821626398,
    "weighted_avg_recall": 0.5942782834850455,
    "weighted_avg_f1-score": 0.5588339172276693,
    "roc_auc_score": 0.5850165155668002,
    "confusion_matrix": [
        [
            80,
            230
        ],
        [
            82,
            377
        ]
    ],
    "class_0_metrics": {
        "precision": 0.49382716049382713,
        "recall": 0.25806451612903225,
        "f1-score": 0.3389830508474576,
        "support": 310.0
    },
    "class_1_metrics": {
        "precision": 0.6210873146622735,
        "recall": 0.8213507625272332,
        "f1-score": 0.7073170731707317,
        "support": 459.0
    },
    "support_class_0": 310.0,
    "support_class_1": 459.0
}