{
    "accuracy": 0.44545454545454544,
    "macro_avg_precision": 0.47353214531054266,
    "macro_avg_recall": 0.48655950752393984,
    "macro_avg_f1-score": 0.39267156903491324,
    "weighted_avg_precision": 0.4781773364631893,
    "weighted_avg_recall": 0.44545454545454544,
    "weighted_avg_f1-score": 0.3717443977672176,
    "roc_auc_score": 0.5723050615595074,
    "confusion_matrix": [
        [
            285,
            55
        ],
        [
            372,
            58
        ]
    ],
    "class_0_metrics": {
        "precision": 0.4337899543378995,
        "recall": 0.8382352941176471,
        "f1-score": 0.571715145436309,
        "support": 340.0
    },
    "class_1_metrics": {
        "precision": 0.5132743362831859,
        "recall": 0.13488372093023257,
        "f1-score": 0.2136279926335175,
        "support": 430.0
    },
    "support_class_0": 340.0,
    "support_class_1": 430.0,
    "target_column_name": "target_60d_30.1p"
}