{
    "accuracy": 0.6038961038961039,
    "macro_avg_precision": 0.5928964563221097,
    "macro_avg_recall": 0.5866357865843198,
    "macro_avg_f1-score": 0.585787127918318,
    "weighted_avg_precision": 0.5978512525266116,
    "weighted_avg_recall": 0.6038961038961039,
    "weighted_avg_f1-score": 0.5970349390846446,
    "roc_auc_score": 0.5637124721221479,
    "confusion_matrix": [
        [
            152,
            183
        ],
        [
            122,
            313
        ]
    ],
    "class_0_metrics": {
        "precision": 0.5547445255474452,
        "recall": 0.4537313432835821,
        "f1-score": 0.49917898193760263,
        "support": 335.0
    },
    "class_1_metrics": {
        "precision": 0.6310483870967742,
        "recall": 0.7195402298850575,
        "f1-score": 0.6723952738990333,
        "support": 435.0
    },
    "support_class_0": 335.0,
    "support_class_1": 435.0,
    "target_column_name": "target_30d_19.8p"
}