{
    "accuracy": 0.5604681404421327,
    "macro_avg_precision": 0.5592525643181436,
    "macro_avg_recall": 0.5572742418290916,
    "macro_avg_f1-score": 0.5550317049454236,
    "weighted_avg_precision": 0.5594820786912045,
    "weighted_avg_recall": 0.5604681404421327,
    "weighted_avg_f1-score": 0.5567585726914371,
    "roc_auc_score": 0.516358747917485,
    "confusion_matrix": [
        [
            173,
            198
        ],
        [
            140,
            258
        ]
    ],
    "class_0_metrics": {
        "precision": 0.5527156549520766,
        "recall": 0.46630727762803237,
        "f1-score": 0.5058479532163743,
        "support": 371.0
    },
    "class_1_metrics": {
        "precision": 0.5657894736842105,
        "recall": 0.6482412060301508,
        "f1-score": 0.6042154566744731,
        "support": 398.0
    },
    "support_class_0": 371.0,
    "support_class_1": 398.0
}