{
    "accuracy": 0.5597402597402598,
    "macro_avg_precision": 0.5583724438484747,
    "macro_avg_recall": 0.556461909490708,
    "macro_avg_f1-score": 0.5543091304904597,
    "weighted_avg_precision": 0.5586421540243196,
    "weighted_avg_recall": 0.5597402597402598,
    "weighted_avg_f1-score": 0.5560982083609821,
    "roc_auc_score": 0.515719892723723,
    "confusion_matrix": [
        [
            173,
            198
        ],
        [
            141,
            258
        ]
    ],
    "class_0_metrics": {
        "precision": 0.5509554140127388,
        "recall": 0.46630727762803237,
        "f1-score": 0.5051094890510949,
        "support": 371.0
    },
    "class_1_metrics": {
        "precision": 0.5657894736842105,
        "recall": 0.6466165413533834,
        "f1-score": 0.6035087719298246,
        "support": 399.0
    },
    "support_class_0": 371.0,
    "support_class_1": 399.0,
    "target_column_name": "target_120d_51.2p"
}