{
    "accuracy": 0.6176853055916776,
    "macro_avg_precision": 0.5937303853084694,
    "macro_avg_recall": 0.565000210617953,
    "macro_avg_f1-score": 0.5517155229846769,
    "weighted_avg_precision": 0.601679309194771,
    "weighted_avg_recall": 0.6176853055916776,
    "weighted_avg_f1-score": 0.5845886010973179,
    "roc_auc_score": 0.6066920344290146,
    "confusion_matrix": [
        [
            90,
            221
        ],
        [
            73,
            385
        ]
    ],
    "class_0_metrics": {
        "precision": 0.5521472392638037,
        "recall": 0.28938906752411575,
        "f1-score": 0.379746835443038,
        "support": 311.0
    },
    "class_1_metrics": {
        "precision": 0.6353135313531353,
        "recall": 0.8406113537117904,
        "f1-score": 0.7236842105263158,
        "support": 458.0
    },
    "support_class_0": 311.0,
    "support_class_1": 458.0
}