{
    "accuracy": 0.4766233766233766,
    "macro_avg_precision": 0.575587752870421,
    "macro_avg_recall": 0.5226544950532906,
    "macro_avg_f1-score": 0.39621239096468647,
    "weighted_avg_precision": 0.5884561856951142,
    "weighted_avg_recall": 0.4766233766233766,
    "weighted_avg_f1-score": 0.3721749432944731,
    "roc_auc_score": 0.40061518083312275,
    "confusion_matrix": [
        [
            324,
            19
        ],
        [
            384,
            43
        ]
    ],
    "class_0_metrics": {
        "precision": 0.4576271186440678,
        "recall": 0.9446064139941691,
        "f1-score": 0.6165556612749762,
        "support": 343.0
    },
    "class_1_metrics": {
        "precision": 0.6935483870967742,
        "recall": 0.10070257611241218,
        "f1-score": 0.17586912065439672,
        "support": 427.0
    },
    "support_class_0": 343.0,
    "support_class_1": 427.0,
    "target_column_name": "target_60d_30.0p"
}