{
    "accuracy": 0.5571428571428572,
    "macro_avg_precision": 0.5546918650128506,
    "macro_avg_recall": 0.5529475798000013,
    "macro_avg_f1-score": 0.5511462804647689,
    "weighted_avg_precision": 0.5553132432993312,
    "weighted_avg_recall": 0.5571428571428572,
    "weighted_avg_f1-score": 0.5535718620424225,
    "roc_auc_score": 0.503752510125016,
    "confusion_matrix": [
        [
            170,
            197
        ],
        [
            144,
            259
        ]
    ],
    "class_0_metrics": {
        "precision": 0.5414012738853503,
        "recall": 0.46321525885558584,
        "f1-score": 0.49926578560939794,
        "support": 367.0
    },
    "class_1_metrics": {
        "precision": 0.5679824561403509,
        "recall": 0.6426799007444168,
        "f1-score": 0.6030267753201397,
        "support": 403.0
    },
    "support_class_0": 367.0,
    "support_class_1": 403.0,
    "target_column_name": "target_120d_51.3p"
}