{
    "accuracy": 0.5792207792207792,
    "macro_avg_precision": 0.5635382059800664,
    "macro_avg_recall": 0.5440668202764977,
    "macro_avg_f1-score": 0.5222007722007722,
    "weighted_avg_precision": 0.5670794321957113,
    "weighted_avg_recall": 0.5792207792207792,
    "weighted_avg_f1-score": 0.5432081432081431,
    "roc_auc_score": 0.5160398836954136,
    "confusion_matrix": [
        [
            90,
            246
        ],
        [
            78,
            356
        ]
    ],
    "class_0_metrics": {
        "precision": 0.5357142857142857,
        "recall": 0.26785714285714285,
        "f1-score": 0.35714285714285715,
        "support": 336.0
    },
    "class_1_metrics": {
        "precision": 0.5913621262458472,
        "recall": 0.8202764976958525,
        "f1-score": 0.6872586872586872,
        "support": 434.0
    },
    "support_class_0": 336.0,
    "support_class_1": 434.0,
    "target_column_name": "target_30d_19.8p"
}