{
    "accuracy": 0.576072821846554,
    "macro_avg_precision": 0.5593901037952619,
    "macro_avg_recall": 0.5412164577147256,
    "macro_avg_f1-score": 0.5189470694789844,
    "weighted_avg_precision": 0.563127340864489,
    "weighted_avg_recall": 0.576072821846554,
    "weighted_avg_f1-score": 0.5398572505342835,
    "roc_auc_score": 0.5124202683382822,
    "confusion_matrix": [
        [
            89,
            247
        ],
        [
            79,
            354
        ]
    ],
    "class_0_metrics": {
        "precision": 0.5297619047619048,
        "recall": 0.2648809523809524,
        "f1-score": 0.3531746031746032,
        "support": 336.0
    },
    "class_1_metrics": {
        "precision": 0.589018302828619,
        "recall": 0.8175519630484989,
        "f1-score": 0.6847195357833655,
        "support": 433.0
    },
    "support_class_0": 336.0,
    "support_class_1": 433.0
}